{"global_step": 524288, "_timestamp": 1704546543.8213067, "performance/step_inference_rl_update_fps": 37313.23828125, "performance/step_inference_fps": 109963.5234375, "performance/step_fps": 127806.5, "performance/rl_update_time": 1.1603941917419434, "performance/step_inference_time": 0.5959794521331787, "performance/step_time": 0.512775182723999, "losses/a_loss": -0.005943022668361664, "losses/c_loss": 0.26949387788772583, "losses/entropy": 5.347136974334717, "info/last_lr": 0.004444444552063942, "info/lr_mul": 1.0, "info/e_clip": 0.20000000298023224, "info/kl": 0.02046883851289749, "info/epochs": 9.0, "losses/bounds_loss": 5.541762675420614e-07, "_runtime": 24, "_step": 32, "rewards/step": 30.085662841796875, "rewards/iter": 30.085662841796875, "rewards/time": 30.085662841796875, "shaped_rewards/step": 0.3008566200733185, "shaped_rewards/iter": 0.3008566200733185, "shaped_rewards/time": 0.3008566200733185, "episode_lengths/step": 33.44285583496094, "episode_lengths/iter": 33.44285583496094, "episode_lengths/time": 33.44285583496094}